[{
        "area": "Stockholm University",
        "value": 1611
    },
    {
        "area": "Las Cumbres Observatory Global Telescope Network",
        "value": 1652
    },
    {
        "area": "Queen's University Belfast",
        "value": 1754
    },
    {
        "area": "Weizmann Institute of Science",
        "value": 2688
    },
    {
        "area": "INAF-Osservatorio Astrofisico di Catania",
        "value": 2435
    },
    {
        "area": "INAF-Osservatorio Astronomico di Padova",
        "value": 3026
    },
    {
        "area": "University of California, Berkeley",
        "value": 4207
    },
    {
        "area": "Pennsylvania State University",
        "value": 2647
    },
    {
        "area": "Liverpool John Moores University",
        "value": 4405
    },
    {
        "area": "Harvard-Smithsonian Center for Astrophysics",
        "value": 1612
    }
]