[{
        "area": "Fuhrmann, Marcelo W.",
        "value": 88
    },
    {
        "area": "Fang Ding",
        "value": 12
    },
    {
        "area": "Uto, T.",
        "value": 44
    },
    {
        "area": "Herr, Christian",
        "value": 22
    },
    {
        "area": "Sander, T.",
        "value": 10
    },
    {
        "area": "Zangrando, L.",
        "value": 10
    },
    {
        "area": "Barnhoorn, Auke",
        "value": 19
    },
    {
        "area": "Mesquita, Renato C.",
        "value": 19
    },
    {
        "area": "Haidine, Abdelfattah",
        "value": 19
    },
    {
        "area": "Rajput, Dheeraj Singh",
        "value": 20
    }
]